episode,winner,DQN_A,DQN_B
1,draw,0,0
2,draw,0,0
3,DQN_A,1,-1
4,DQN_B,-1,1
5,DQN_A,1,-1
6,DQN_A,1,-1
7,DQN_A,1,-1
8,DQN_B,-1,1
9,DQN_B,-1,1
10,draw,0,0
11,draw,0,0
12,DQN_B,-1,1
13,DQN_B,-1,1
14,DQN_B,-1,1
15,DQN_A,1,-1
16,draw,0,0
17,DQN_A,1,-1
18,DQN_A,1,-1
19,DQN_A,1,-1
20,DQN_A,1,-1
21,DQN_B,-1,1
22,DQN_B,-1,1
23,DQN_A,1,-1
24,draw,0,0
25,draw,0,0
26,draw,0,0
27,DQN_B,-1,1
28,draw,0,0
29,draw,0,0
30,DQN_B,-1,1
31,draw,0,0
32,DQN_A,1,-1
33,DQN_A,1,-1
34,draw,0,0
35,draw,0,0
36,draw,0,0
37,draw,0,0
38,draw,0,0
39,draw,0,0
40,draw,0,0
41,draw,0,0
42,draw,0,0
43,draw,0,0
44,draw,0,0
45,draw,0,0
46,draw,0,0
47,draw,0,0
48,draw,0,0
49,draw,0,0
50,draw,0,0
51,draw,0,0
52,draw,0,0
53,draw,0,0
54,draw,0,0
55,draw,0,0
56,draw,0,0
57,draw,0,0
58,draw,0,0
59,draw,0,0
60,draw,0,0
61,draw,0,0
62,draw,0,0
63,draw,0,0
64,draw,0,0
65,draw,0,0
66,draw,0,0
67,DQN_B,-1,1
68,draw,0,0
69,draw,0,0
70,draw,0,0
71,draw,0,0
72,draw,0,0
73,draw,0,0
74,draw,0,0
75,draw,0,0
76,draw,0,0
77,draw,0,0
78,draw,0,0
79,draw,0,0
80,draw,0,0
81,draw,0,0
82,draw,0,0
83,draw,0,0
84,draw,0,0
85,draw,0,0
86,draw,0,0
87,draw,0,0
88,draw,0,0
89,draw,0,0
90,draw,0,0
91,draw,0,0
92,draw,0,0
93,draw,0,0
94,draw,0,0
95,draw,0,0
96,draw,0,0
97,draw,0,0
98,draw,0,0
99,draw,0,0
100,draw,0,0
101,draw,0,0
102,draw,0,0
103,draw,0,0
104,draw,0,0
105,draw,0,0
106,draw,0,0
107,draw,0,0
108,draw,0,0
109,draw,0,0
110,draw,0,0
111,draw,0,0
112,DQN_B,-1,1
113,draw,0,0
114,draw,0,0
115,draw,0,0
116,draw,0,0
117,draw,0,0
118,draw,0,0
119,draw,0,0
120,draw,0,0
121,draw,0,0
122,draw,0,0
123,DQN_A,1,-1
124,DQN_A,1,-1
125,draw,0,0
126,draw,0,0
127,draw,0,0
128,draw,0,0
129,draw,0,0
130,draw,0,0
131,draw,0,0
132,draw,0,0
133,draw,0,0
134,draw,0,0
135,draw,0,0
136,DQN_B,-1,1
137,draw,0,0
138,draw,0,0
139,draw,0,0
140,draw,0,0
141,DQN_A,1,-1
142,draw,0,0
143,draw,0,0
144,draw,0,0
145,draw,0,0
146,draw,0,0
147,draw,0,0
148,draw,0,0
149,DQN_A,1,-1
150,draw,0,0
151,draw,0,0
152,draw,0,0
153,draw,0,0
154,draw,0,0
155,draw,0,0
156,draw,0,0
157,draw,0,0
158,draw,0,0
159,DQN_B,-1,1
160,draw,0,0
161,draw,0,0
162,draw,0,0
163,draw,0,0
164,draw,0,0
165,DQN_A,1,-1
166,draw,0,0
167,draw,0,0
168,draw,0,0
169,draw,0,0
170,draw,0,0
171,draw,0,0
172,draw,0,0
173,draw,0,0
174,draw,0,0
175,draw,0,0
176,DQN_B,-1,1
177,draw,0,0
178,draw,0,0
179,draw,0,0
180,draw,0,0
181,draw,0,0
182,draw,0,0
183,draw,0,0
184,draw,0,0
185,draw,0,0
186,draw,0,0
187,draw,0,0
188,draw,0,0
189,draw,0,0
190,draw,0,0
191,draw,0,0
192,DQN_A,1,-1
193,draw,0,0
194,draw,0,0
195,draw,0,0
196,draw,0,0
197,draw,0,0
198,draw,0,0
199,draw,0,0
200,draw,0,0
201,DQN_B,-1,1
202,draw,0,0
203,draw,0,0
204,draw,0,0
205,draw,0,0
206,draw,0,0
207,DQN_A,1,-1
208,draw,0,0
209,draw,0,0
210,draw,0,0
211,draw,0,0
212,draw,0,0
213,draw,0,0
214,draw,0,0
215,draw,0,0
216,draw,0,0
217,draw,0,0
218,draw,0,0
219,DQN_A,1,-1
220,DQN_A,1,-1
221,draw,0,0
222,draw,0,0
223,draw,0,0
224,draw,0,0
225,draw,0,0
226,draw,0,0
227,draw,0,0
228,draw,0,0
229,draw,0,0
230,draw,0,0
231,DQN_A,1,-1
232,draw,0,0
233,draw,0,0
234,draw,0,0
235,draw,0,0
236,draw,0,0
237,draw,0,0
238,draw,0,0
239,draw,0,0
240,draw,0,0
241,draw,0,0
242,DQN_A,1,-1
243,draw,0,0
244,draw,0,0
245,draw,0,0
246,draw,0,0
247,draw,0,0
248,draw,0,0
249,draw,0,0
250,DQN_B,-1,1
251,DQN_A,1,-1
252,draw,0,0
253,draw,0,0
254,draw,0,0
255,draw,0,0
256,draw,0,0
257,draw,0,0
258,DQN_B,-1,1
259,draw,0,0
260,draw,0,0
261,draw,0,0
262,draw,0,0
263,draw,0,0
264,draw,0,0
265,draw,0,0
266,DQN_B,-1,1
267,draw,0,0
268,draw,0,0
269,DQN_A,1,-1
270,draw,0,0
271,draw,0,0
272,draw,0,0
273,draw,0,0
274,DQN_B,-1,1
275,draw,0,0
276,draw,0,0
277,draw,0,0
278,draw,0,0
279,draw,0,0
280,draw,0,0
281,draw,0,0
282,draw,0,0
283,draw,0,0
284,DQN_A,1,-1
285,draw,0,0
286,draw,0,0
287,draw,0,0
288,DQN_B,-1,1
289,DQN_A,1,-1
290,draw,0,0
291,draw,0,0
292,draw,0,0
293,draw,0,0
294,draw,0,0
295,draw,0,0
296,draw,0,0
297,draw,0,0
298,draw,0,0
299,draw,0,0
300,draw,0,0
301,DQN_B,-1,1
302,draw,0,0
303,draw,0,0
304,draw,0,0
305,draw,0,0
306,DQN_B,-1,1
307,draw,0,0
308,draw,0,0
309,draw,0,0
310,draw,0,0
311,draw,0,0
312,draw,0,0
313,DQN_A,1,-1
314,draw,0,0
315,draw,0,0
316,draw,0,0
317,draw,0,0
318,draw,0,0
319,draw,0,0
320,draw,0,0
321,DQN_B,-1,1
322,DQN_A,1,-1
323,draw,0,0
324,draw,0,0
325,draw,0,0
326,draw,0,0
327,draw,0,0
328,DQN_B,-1,1
329,DQN_B,-1,1
330,draw,0,0
331,draw,0,0
332,draw,0,0
333,draw,0,0
334,draw,0,0
335,draw,0,0
336,draw,0,0
337,draw,0,0
338,draw,0,0
339,draw,0,0
340,draw,0,0
341,draw,0,0
342,draw,0,0
343,DQN_B,-1,1
344,draw,0,0
345,DQN_B,-1,1
346,draw,0,0
347,draw,0,0
348,draw,0,0
349,DQN_A,1,-1
350,DQN_B,-1,1
351,DQN_B,-1,1
352,draw,0,0
353,draw,0,0
354,draw,0,0
355,draw,0,0
356,draw,0,0
357,draw,0,0
358,draw,0,0
359,DQN_A,1,-1
360,draw,0,0
361,draw,0,0
362,draw,0,0
363,draw,0,0
364,draw,0,0
365,draw,0,0
366,DQN_A,1,-1
367,draw,0,0
368,draw,0,0
369,DQN_A,1,-1
370,draw,0,0
371,draw,0,0
372,draw,0,0
373,draw,0,0
374,draw,0,0
375,draw,0,0
376,draw,0,0
377,draw,0,0
378,draw,0,0
379,draw,0,0
380,draw,0,0
381,draw,0,0
382,draw,0,0
383,draw,0,0
384,draw,0,0
385,draw,0,0
386,draw,0,0
387,draw,0,0
388,draw,0,0
389,DQN_A,1,-1
390,DQN_B,-1,1
391,draw,0,0
392,draw,0,0
393,draw,0,0
394,DQN_A,1,-1
395,DQN_B,-1,1
396,DQN_B,-1,1
397,DQN_B,-1,1
398,DQN_B,-1,1
399,draw,0,0
400,draw,0,0
401,DQN_B,-1,1
402,draw,0,0
403,draw,0,0
404,draw,0,0
405,draw,0,0
406,draw,0,0
407,DQN_A,1,-1
408,draw,0,0
409,draw,0,0
410,DQN_B,-1,1
411,draw,0,0
412,draw,0,0
413,draw,0,0
414,DQN_B,-1,1
415,draw,0,0
416,draw,0,0
417,draw,0,0
418,draw,0,0
419,draw,0,0
420,draw,0,0
421,draw,0,0
422,DQN_B,-1,1
423,draw,0,0
424,draw,0,0
425,draw,0,0
426,DQN_B,-1,1
427,draw,0,0
428,draw,0,0
429,draw,0,0
430,draw,0,0
431,draw,0,0
432,draw,0,0
433,draw,0,0
434,draw,0,0
435,draw,0,0
436,draw,0,0
437,draw,0,0
438,draw,0,0
439,DQN_A,1,-1
440,draw,0,0
441,draw,0,0
442,draw,0,0
443,draw,0,0
444,draw,0,0
445,draw,0,0
446,draw,0,0
447,draw,0,0
448,draw,0,0
449,DQN_A,1,-1
450,draw,0,0
451,draw,0,0
452,draw,0,0
453,draw,0,0
454,draw,0,0
455,draw,0,0
456,DQN_A,1,-1
457,draw,0,0
458,draw,0,0
459,draw,0,0
460,DQN_B,-1,1
461,draw,0,0
462,draw,0,0
463,draw,0,0
464,draw,0,0
465,DQN_B,-1,1
466,draw,0,0
467,draw,0,0
468,draw,0,0
469,draw,0,0
470,draw,0,0
471,draw,0,0
472,draw,0,0
473,draw,0,0
474,DQN_B,-1,1
475,DQN_B,-1,1
476,draw,0,0
477,draw,0,0
478,draw,0,0
479,draw,0,0
480,draw,0,0
481,draw,0,0
482,draw,0,0
483,draw,0,0
484,draw,0,0
485,DQN_A,1,-1
486,draw,0,0
487,draw,0,0
488,draw,0,0
489,draw,0,0
490,draw,0,0
491,draw,0,0
492,draw,0,0
493,draw,0,0
494,draw,0,0
495,draw,0,0
496,draw,0,0
497,draw,0,0
498,DQN_A,1,-1
499,draw,0,0
500,draw,0,0
501,draw,0,0
502,DQN_B,-1,1
503,DQN_A,1,-1
504,draw,0,0
505,draw,0,0
506,draw,0,0
507,draw,0,0
508,DQN_A,1,-1
509,draw,0,0
510,DQN_A,1,-1
511,draw,0,0
512,draw,0,0
513,draw,0,0
514,DQN_A,1,-1
515,DQN_B,-1,1
516,draw,0,0
517,draw,0,0
518,draw,0,0
519,draw,0,0
520,draw,0,0
521,draw,0,0
522,draw,0,0
523,draw,0,0
524,draw,0,0
525,draw,0,0
526,draw,0,0
527,draw,0,0
528,draw,0,0
529,draw,0,0
530,draw,0,0
531,draw,0,0
532,draw,0,0
533,draw,0,0
534,draw,0,0
535,draw,0,0
536,draw,0,0
537,draw,0,0
538,draw,0,0
539,draw,0,0
540,draw,0,0
541,draw,0,0
542,DQN_B,-1,1
543,DQN_B,-1,1
544,draw,0,0
545,draw,0,0
546,draw,0,0
547,draw,0,0
548,draw,0,0
549,draw,0,0
550,draw,0,0
551,draw,0,0
552,draw,0,0
553,draw,0,0
554,draw,0,0
555,draw,0,0
556,draw,0,0
557,draw,0,0
558,draw,0,0
559,draw,0,0
560,DQN_B,-1,1
561,DQN_B,-1,1
562,DQN_B,-1,1
563,draw,0,0
564,DQN_B,-1,1
565,draw,0,0
566,draw,0,0
567,draw,0,0
568,draw,0,0
569,draw,0,0
570,draw,0,0
571,draw,0,0
572,DQN_B,-1,1
573,draw,0,0
574,DQN_B,-1,1
575,draw,0,0
576,DQN_B,-1,1
577,draw,0,0
578,draw,0,0
579,draw,0,0
580,DQN_B,-1,1
581,DQN_B,-1,1
582,DQN_B,-1,1
583,DQN_B,-1,1
584,draw,0,0
585,DQN_B,-1,1
586,draw,0,0
587,DQN_B,-1,1
588,draw,0,0
589,DQN_B,-1,1
590,draw,0,0
591,draw,0,0
592,draw,0,0
593,draw,0,0
594,draw,0,0
595,DQN_B,-1,1
596,draw,0,0
597,DQN_B,-1,1
598,draw,0,0
599,draw,0,0
600,draw,0,0
601,draw,0,0
602,DQN_A,1,-1
603,draw,0,0
604,draw,0,0
605,draw,0,0
606,DQN_B,-1,1
607,draw,0,0
608,DQN_A,1,-1
609,draw,0,0
610,draw,0,0
611,draw,0,0
612,DQN_B,-1,1
613,DQN_B,-1,1
614,DQN_B,-1,1
615,DQN_B,-1,1
616,DQN_B,-1,1
617,DQN_B,-1,1
618,draw,0,0
619,draw,0,0
620,DQN_B,-1,1
621,draw,0,0
622,draw,0,0
623,draw,0,0
624,draw,0,0
625,DQN_B,-1,1
626,draw,0,0
627,draw,0,0
628,draw,0,0
629,draw,0,0
630,draw,0,0
631,draw,0,0
632,draw,0,0
633,draw,0,0
634,draw,0,0
635,draw,0,0
636,draw,0,0
637,draw,0,0
638,draw,0,0
639,draw,0,0
640,draw,0,0
641,draw,0,0
642,draw,0,0
643,draw,0,0
644,draw,0,0
645,draw,0,0
646,draw,0,0
647,draw,0,0
648,draw,0,0
649,draw,0,0
650,draw,0,0
651,draw,0,0
652,draw,0,0
653,DQN_A,1,-1
654,draw,0,0
655,draw,0,0
656,draw,0,0
657,draw,0,0
658,draw,0,0
659,draw,0,0
660,draw,0,0
661,draw,0,0
662,draw,0,0
663,draw,0,0
664,draw,0,0
665,draw,0,0
666,draw,0,0
667,DQN_B,-1,1
668,DQN_B,-1,1
669,DQN_B,-1,1
670,draw,0,0
671,draw,0,0
672,draw,0,0
673,draw,0,0
674,draw,0,0
675,draw,0,0
676,draw,0,0
677,draw,0,0
678,DQN_A,1,-1
679,DQN_A,1,-1
680,draw,0,0
681,draw,0,0
682,draw,0,0
683,draw,0,0
684,draw,0,0
685,draw,0,0
686,DQN_B,-1,1
687,draw,0,0
688,draw,0,0
689,DQN_B,-1,1
690,DQN_B,-1,1
691,draw,0,0
692,draw,0,0
693,draw,0,0
694,draw,0,0
695,DQN_A,1,-1
696,DQN_B,-1,1
697,draw,0,0
698,DQN_A,1,-1
699,draw,0,0
700,DQN_B,-1,1
701,draw,0,0
702,DQN_A,1,-1
703,DQN_A,1,-1
704,DQN_B,-1,1
705,DQN_B,-1,1
706,DQN_A,1,-1
707,DQN_B,-1,1
708,DQN_A,1,-1
709,DQN_B,-1,1
710,DQN_A,1,-1
711,draw,0,0
712,DQN_B,-1,1
713,DQN_A,1,-1
714,draw,0,0
715,draw,0,0
716,DQN_B,-1,1
717,draw,0,0
718,DQN_A,1,-1
719,draw,0,0
720,draw,0,0
721,draw,0,0
722,draw,0,0
723,draw,0,0
724,draw,0,0
725,DQN_B,-1,1
726,draw,0,0
727,DQN_B,-1,1
728,DQN_B,-1,1
729,draw,0,0
730,DQN_B,-1,1
731,draw,0,0
732,draw,0,0
733,draw,0,0
734,draw,0,0
735,DQN_B,-1,1
736,draw,0,0
737,DQN_A,1,-1
738,draw,0,0
739,DQN_B,-1,1
740,DQN_A,1,-1
741,DQN_A,1,-1
742,DQN_B,-1,1
743,DQN_A,1,-1
744,DQN_A,1,-1
745,DQN_B,-1,1
746,draw,0,0
747,draw,0,0
748,DQN_A,1,-1
749,DQN_A,1,-1
750,draw,0,0
751,DQN_B,-1,1
752,draw,0,0
753,draw,0,0
754,DQN_B,-1,1
755,draw,0,0
756,draw,0,0
757,DQN_A,1,-1
758,draw,0,0
759,draw,0,0
760,draw,0,0
761,draw,0,0
762,draw,0,0
763,draw,0,0
764,draw,0,0
765,DQN_B,-1,1
766,draw,0,0
767,draw,0,0
768,DQN_B,-1,1
769,draw,0,0
770,DQN_A,1,-1
771,draw,0,0
772,DQN_A,1,-1
773,DQN_A,1,-1
774,DQN_B,-1,1
775,DQN_B,-1,1
776,DQN_B,-1,1
777,DQN_A,1,-1
778,DQN_B,-1,1
779,draw,0,0
780,DQN_B,-1,1
781,draw,0,0
782,DQN_B,-1,1
783,draw,0,0
784,DQN_B,-1,1
785,draw,0,0
786,draw,0,0
787,draw,0,0
788,DQN_A,1,-1
789,draw,0,0
790,draw,0,0
791,DQN_B,-1,1
792,draw,0,0
793,DQN_B,-1,1
794,DQN_B,-1,1
795,DQN_B,-1,1
796,DQN_B,-1,1
797,draw,0,0
798,DQN_B,-1,1
799,DQN_B,-1,1
800,DQN_B,-1,1
801,draw,0,0
802,DQN_B,-1,1
803,DQN_A,1,-1
804,DQN_A,1,-1
805,DQN_B,-1,1
806,draw,0,0
807,draw,0,0
808,draw,0,0
809,DQN_B,-1,1
810,DQN_A,1,-1
811,draw,0,0
812,DQN_A,1,-1
813,draw,0,0
814,draw,0,0
815,draw,0,0
816,draw,0,0
817,DQN_B,-1,1
818,DQN_B,-1,1
819,draw,0,0
820,DQN_B,-1,1
821,draw,0,0
822,draw,0,0
823,DQN_A,1,-1
824,draw,0,0
825,DQN_B,-1,1
826,draw,0,0
827,draw,0,0
828,draw,0,0
829,draw,0,0
830,draw,0,0
831,draw,0,0
832,DQN_B,-1,1
833,draw,0,0
834,DQN_B,-1,1
835,draw,0,0
836,draw,0,0
837,draw,0,0
838,DQN_B,-1,1
839,DQN_B,-1,1
840,draw,0,0
841,draw,0,0
842,DQN_B,-1,1
843,draw,0,0
844,draw,0,0
845,draw,0,0
846,draw,0,0
847,draw,0,0
848,draw,0,0
849,draw,0,0
850,draw,0,0
851,draw,0,0
852,draw,0,0
853,draw,0,0
854,draw,0,0
855,draw,0,0
856,draw,0,0
857,draw,0,0
858,draw,0,0
859,draw,0,0
860,draw,0,0
861,DQN_B,-1,1
862,draw,0,0
863,DQN_B,-1,1
864,draw,0,0
865,draw,0,0
866,draw,0,0
867,DQN_A,1,-1
868,draw,0,0
869,draw,0,0
870,draw,0,0
871,DQN_B,-1,1
872,draw,0,0
873,draw,0,0
874,DQN_B,-1,1
875,draw,0,0
876,DQN_A,1,-1
877,draw,0,0
878,draw,0,0
879,draw,0,0
880,draw,0,0
881,draw,0,0
882,DQN_B,-1,1
883,DQN_B,-1,1
884,draw,0,0
885,draw,0,0
886,draw,0,0
887,draw,0,0
888,draw,0,0
889,draw,0,0
890,draw,0,0
891,draw,0,0
892,draw,0,0
893,draw,0,0
894,DQN_B,-1,1
895,draw,0,0
896,DQN_B,-1,1
897,draw,0,0
898,draw,0,0
899,draw,0,0
900,draw,0,0
901,draw,0,0
902,draw,0,0
903,draw,0,0
904,draw,0,0
905,DQN_A,1,-1
906,draw,0,0
907,draw,0,0
908,draw,0,0
909,draw,0,0
910,draw,0,0
911,draw,0,0
912,DQN_B,-1,1
913,DQN_B,-1,1
914,DQN_B,-1,1
915,draw,0,0
916,DQN_B,-1,1
917,draw,0,0
918,draw,0,0
919,draw,0,0
920,draw,0,0
921,draw,0,0
922,draw,0,0
923,draw,0,0
924,draw,0,0
925,draw,0,0
926,draw,0,0
927,draw,0,0
928,draw,0,0
929,draw,0,0
930,draw,0,0
931,draw,0,0
932,draw,0,0
933,draw,0,0
934,draw,0,0
935,draw,0,0
936,draw,0,0
937,draw,0,0
938,draw,0,0
939,draw,0,0
940,draw,0,0
941,draw,0,0
942,draw,0,0
943,draw,0,0
944,draw,0,0
945,draw,0,0
946,draw,0,0
947,draw,0,0
948,draw,0,0
949,draw,0,0
950,draw,0,0
951,DQN_A,1,-1
952,draw,0,0
953,draw,0,0
954,draw,0,0
955,DQN_A,1,-1
956,draw,0,0
957,draw,0,0
958,draw,0,0
959,draw,0,0
960,DQN_A,1,-1
961,draw,0,0
962,draw,0,0
963,draw,0,0
964,DQN_A,1,-1
965,DQN_A,1,-1
966,draw,0,0
967,DQN_B,-1,1
968,draw,0,0
969,draw,0,0
970,draw,0,0
971,DQN_B,-1,1
972,DQN_B,-1,1
973,DQN_B,-1,1
974,draw,0,0
975,draw,0,0
976,DQN_A,1,-1
977,draw,0,0
978,draw,0,0
979,draw,0,0
980,draw,0,0
981,draw,0,0
982,draw,0,0
983,draw,0,0
984,draw,0,0
985,draw,0,0
986,DQN_B,-1,1
987,draw,0,0
988,draw,0,0
989,draw,0,0
990,DQN_A,1,-1
991,draw,0,0
992,draw,0,0
993,draw,0,0
994,DQN_B,-1,1
995,DQN_A,1,-1
996,draw,0,0
997,DQN_A,1,-1
998,DQN_B,-1,1
999,DQN_B,-1,1
1000,DQN_B,-1,1
